1)
mysql> SELECT * FROM arvioinnit where arvosana = '0';
+--------------+---------+----------+----------+------------+---------------+---------------+
| idOpiskelija | Etunimi | Sukunimi | arvosana | paivamaara | nimi          | idOpintojakso |
+--------------+---------+----------+----------+------------+---------------+---------------+
|            1 | Aku     | Ankka    |        0 | 2014-09-05 | Ruotsin kieli |             9 |
+--------------+---------+----------+----------+------------+---------------+---------------+
1 row in set (0.01 sec)



2)
mysql> SELECT * FROM arvioinnit WHERE arvosana >=1 AND nimi='Fysiikka 3';
+--------------+---------+----------+----------+------------+------------+---------------+
| idOpiskelija | Etunimi | Sukunimi | arvosana | paivamaara | nimi       | idOpintojakso |
+--------------+---------+----------+----------+------------+------------+---------------+
|            2 | Roope   | Ankka    |        2 | 2014-09-05 | Fysiikka 3 |             5 |
|            5 | Hessu   | Hopo     |        5 | 2014-09-05 | Fysiikka 3 |             5 |
|            1 | Aku     | Ankka    |        1 | 2014-09-05 | Fysiikka 3 |             5 |
|            3 | Iines   | Ankka    |        3 | 2014-09-05 | Fysiikka 3 |             5 |
|            4 | Mikki   | Hiiri    |        4 | 2014-09-05 | Fysiikka 3 |             5 |
+--------------+---------+----------+----------+------------+------------+---------------+
5 rows in set (0.00 sec)



3)
mysql> SELECT * FROM arvioinnit WHERE etunimi='Hessu';
+--------------+---------+----------+----------+------------+-------------+---------------+
| idOpiskelija | Etunimi | Sukunimi | arvosana | paivamaara | nimi        | idOpintojakso |
+--------------+---------+----------+----------+------------+-------------+---------------+
|            5 | Hessu   | Hopo     |        5 | 2014-09-05 | Fysiikka 3  |             5 |
|            5 | Hessu   | Hopo     |        1 | 2014-09-05 | Tietokannat |             3 |
+--------------+---------+----------+----------+------------+-------------+---------------+
2 rows in set (0.00 sec)



4)
mysql> SELECT AVG(arvosana) FROM arvioinnit WHERE etunimi='Aku';
+---------------+
| AVG(arvosana) |
+---------------+
|        0.6667 |
+---------------+
1 row in set (0.01 sec)


5)
